9787505750036,403
9787220120725,403
9787220120725,403
9787505750036,403
9787505750036,403
9787220120725,403
9787220120725,403
9787505750036,403
9787220120725,403
9787505750036,403
9787220120725,403
9787505750036,403
9787505750036,重复图片
9787220120725,重复图片
9787505750036,重复图片
9787220120725,403
9787505750036,403
9787220120725,403
9787505750036,403
9787505750036,重复图片
9787220120725,重复图片
9787220120725,重复图片
9787505750036,重复图片
9787505750036,重复图片
9787220120725,重复图片
9787505750036,重复图片
9787505750036,重复图片
9787220120725,重复图片
9787220120725,重复图片
9787505750036,重复图片
