IP,HTTP
223.242.225.49:9999,HTTP
115.210.47.85:9999,HTTP
183.166.71.46:9999,HTTP
175.44.108.133:9999,HTTP
202.109.157.65:9000,HTTP
112.111.217.152:9999,HTTP
183.166.111.5:9999,HTTP
113.121.45.64:9999,HTTP
175.42.122.48:9999,HTTP
175.43.59.14:9999,HTTP
175.42.129.63:9999,HTTP
123.169.121.249:9999,HTTP
123.169.123.177:9999,HTTP
175.43.56.27:9999,HTTP
49.86.56.40:9999,HTTP
175.43.56.27:9999,HTTP
49.86.56.40:9999,HTTP
175.42.128.212:9999,HTTP
123.169.123.56:9999,HTTP
113.195.224.89:9999,HTTP
223.215.19.122:9999,HTTP
123.169.121.88:9999,HTTP
49.70.33.211:9999,HTTP
175.42.129.137:9999,HTTP
36.249.48.36:9999,HTTP
112.111.217.65:9999,HTTP
175.42.128.251:9999,HTTP
175.42.123.145:9999,HTTP
49.89.143.211:9999,HTTP
113.194.136.112:9999,HTTP